date,headline
2024-01-01,"Stocks making the biggest moves midday: Adobe, Ulta, Micron Technology, Rivian Automotive and more"
2024-01-01,"Stocks making the biggest premarket moves: Rivian, Micron, Adobe, Ulta and more"
2024-01-01,"Bitcoin shows its volatility once again in steep overnight decline, now back below $70,000"
2024-01-01,Biden’s 'billionaire tax' takes aim at the super-rich — but can a wealth tax work in reality?
2024-01-01,"Stocks making the biggest moves after hours: Adobe, Ulta and more"
2024-01-01,Morgan Stanley names a head of artificial intelligence as Wall Street leans into AI
2024-01-01,"Stocks making the biggest moves midday: Dick's Sporting Goods, Lennar, Robinhood and more"
2024-01-01,"HSBC is 'very positive' about the future of China's economy, CFO says"
2024-01-01,"Tracy Britt Cool, who worked for Warren Buffett for 10 years, is making her name in midsize firms"
2024-01-01,"'Take the emotion out of investing' during a presidential election year, strategist says"
2024-01-01,"Here's when the Fed is likely to start cutting interest rates, according to investment strategists"
2024-01-01,"Stocks making the biggest moves premarket: Citigroup, Under Armour, MicroStrategy and more"
2024-01-01,"Stocks making the biggest moves after hours: Robinhood, SentinelOne, Under Armour and more"
2024-01-01,"Stocks making the biggest moves midday: Tesla, GE HealthCare, Coinbase and more"
2024-01-01,Jamie Dimon endorses Disney CEO Bob Iger in proxy fight with Nelson Peltz's Trian Partners
2024-01-01,"Stocks making the biggest moves premarket: Dollar Tree, Petco, Tesla and more "
2024-01-01,Shareholder payouts hit a record $1.7 trillion last year as bank profits surged
2024-01-01,"Citadel's Ken Griffin says the Fed shouldn't cut too quickly, citing tailwinds supporting inflation"
2024-01-01,"Stocks making the biggest moves midday: Southwest, Oracle, 3M, New York Community Bancorp and more"
2024-01-01,"Stocks making the biggest moves before the bell: Oracle, Kohl's, Coinbase, Southwest and more"
2024-01-01,Xiaomi is set to launch its electric car on March 28
2024-01-01,Jefferies analyst challenges Trump’s claim that Meta’s Facebook is ‘enemy of the people’
2024-01-01,"China's stock valuations are 'way too low,' strategist says — here's why"
2024-01-01,"Stocks making the biggest moves after hours: Oracle, Vail Resorts, Advance Auto Parts and more"
2024-01-01,"Stocks making the biggest moves midday: Nvidia, Coinbase, Oracle, Bally's and more  "
2024-01-01,Why Amtrak is attempting to revive the Texas Central bullet train
2024-01-01,"Stocks making the biggest moves premarket: Coinbase, PDD Holdings, Duolingo and more"
2024-01-01,"Bitcoin rises to another record, ether breaks through $4,000"
2024-01-01,China's annual parliamentary meeting has ended. Here are the key takeaways
2024-01-01,China's housing minister says real estate developers must go bankrupt if necessary
2024-01-02,"Stocks making the biggest moves midday: Adobe, Ulta, Micron Technology, Rivian Automotive and more"
2024-01-02,"Stocks making the biggest premarket moves: Rivian, Micron, Adobe, Ulta and more"
2024-01-02,"Bitcoin shows its volatility once again in steep overnight decline, now back below $70,000"
2024-01-02,Biden’s 'billionaire tax' takes aim at the super-rich — but can a wealth tax work in reality?
2024-01-02,"Stocks making the biggest moves after hours: Adobe, Ulta and more"
2024-01-02,Morgan Stanley names a head of artificial intelligence as Wall Street leans into AI
2024-01-02,"Stocks making the biggest moves midday: Dick's Sporting Goods, Lennar, Robinhood and more"
2024-01-02,"HSBC is 'very positive' about the future of China's economy, CFO says"
2024-01-02,"Tracy Britt Cool, who worked for Warren Buffett for 10 years, is making her name in midsize firms"
2024-01-02,"'Take the emotion out of investing' during a presidential election year, strategist says"
2024-01-02,"Here's when the Fed is likely to start cutting interest rates, according to investment strategists"
2024-01-02,"Stocks making the biggest moves premarket: Citigroup, Under Armour, MicroStrategy and more"
2024-01-02,"Stocks making the biggest moves after hours: Robinhood, SentinelOne, Under Armour and more"
2024-01-02,"Stocks making the biggest moves midday: Tesla, GE HealthCare, Coinbase and more"
2024-01-02,Jamie Dimon endorses Disney CEO Bob Iger in proxy fight with Nelson Peltz's Trian Partners
2024-01-02,"Stocks making the biggest moves premarket: Dollar Tree, Petco, Tesla and more "
2024-01-02,Shareholder payouts hit a record $1.7 trillion last year as bank profits surged
2024-01-02,"Citadel's Ken Griffin says the Fed shouldn't cut too quickly, citing tailwinds supporting inflation"
2024-01-02,"Stocks making the biggest moves midday: Southwest, Oracle, 3M, New York Community Bancorp and more"
2024-01-02,"Stocks making the biggest moves before the bell: Oracle, Kohl's, Coinbase, Southwest and more"
2024-01-02,Xiaomi is set to launch its electric car on March 28
2024-01-02,Jefferies analyst challenges Trump’s claim that Meta’s Facebook is ‘enemy of the people’
2024-01-02,"China's stock valuations are 'way too low,' strategist says — here's why"
2024-01-02,"Stocks making the biggest moves after hours: Oracle, Vail Resorts, Advance Auto Parts and more"
2024-01-02,"Stocks making the biggest moves midday: Nvidia, Coinbase, Oracle, Bally's and more  "
2024-01-02,Why Amtrak is attempting to revive the Texas Central bullet train
2024-01-02,"Stocks making the biggest moves premarket: Coinbase, PDD Holdings, Duolingo and more"
2024-01-02,"Bitcoin rises to another record, ether breaks through $4,000"
2024-01-02,China's annual parliamentary meeting has ended. Here are the key takeaways
2024-01-02,China's housing minister says real estate developers must go bankrupt if necessary
2024-01-03,"Stocks making the biggest moves midday: Adobe, Ulta, Micron Technology, Rivian Automotive and more"
2024-01-03,"Stocks making the biggest premarket moves: Rivian, Micron, Adobe, Ulta and more"
2024-01-03,"Bitcoin shows its volatility once again in steep overnight decline, now back below $70,000"
2024-01-03,Biden’s 'billionaire tax' takes aim at the super-rich — but can a wealth tax work in reality?
2024-01-03,"Stocks making the biggest moves after hours: Adobe, Ulta and more"
2024-01-03,Morgan Stanley names a head of artificial intelligence as Wall Street leans into AI
2024-01-03,"Stocks making the biggest moves midday: Dick's Sporting Goods, Lennar, Robinhood and more"
2024-01-03,"HSBC is 'very positive' about the future of China's economy, CFO says"
2024-01-03,"Tracy Britt Cool, who worked for Warren Buffett for 10 years, is making her name in midsize firms"
2024-01-03,"'Take the emotion out of investing' during a presidential election year, strategist says"
2024-01-03,"Here's when the Fed is likely to start cutting interest rates, according to investment strategists"
2024-01-03,"Stocks making the biggest moves premarket: Citigroup, Under Armour, MicroStrategy and more"
2024-01-03,"Stocks making the biggest moves after hours: Robinhood, SentinelOne, Under Armour and more"
2024-01-03,"Stocks making the biggest moves midday: Tesla, GE HealthCare, Coinbase and more"
2024-01-03,Jamie Dimon endorses Disney CEO Bob Iger in proxy fight with Nelson Peltz's Trian Partners
2024-01-03,"Stocks making the biggest moves premarket: Dollar Tree, Petco, Tesla and more "
2024-01-03,Shareholder payouts hit a record $1.7 trillion last year as bank profits surged
2024-01-03,"Citadel's Ken Griffin says the Fed shouldn't cut too quickly, citing tailwinds supporting inflation"
2024-01-03,"Stocks making the biggest moves midday: Southwest, Oracle, 3M, New York Community Bancorp and more"
2024-01-03,"Stocks making the biggest moves before the bell: Oracle, Kohl's, Coinbase, Southwest and more"
2024-01-03,Xiaomi is set to launch its electric car on March 28
2024-01-03,Jefferies analyst challenges Trump’s claim that Meta’s Facebook is ‘enemy of the people’
2024-01-03,"China's stock valuations are 'way too low,' strategist says — here's why"
2024-01-03,"Stocks making the biggest moves after hours: Oracle, Vail Resorts, Advance Auto Parts and more"
2024-01-03,"Stocks making the biggest moves midday: Nvidia, Coinbase, Oracle, Bally's and more  "
2024-01-03,Why Amtrak is attempting to revive the Texas Central bullet train
2024-01-03,"Stocks making the biggest moves premarket: Coinbase, PDD Holdings, Duolingo and more"
2024-01-03,"Bitcoin rises to another record, ether breaks through $4,000"
2024-01-03,China's annual parliamentary meeting has ended. Here are the key takeaways
2024-01-03,China's housing minister says real estate developers must go bankrupt if necessary
2024-01-04,"Stocks making the biggest moves midday: Adobe, Ulta, Micron Technology, Rivian Automotive and more"
2024-01-04,"Stocks making the biggest premarket moves: Rivian, Micron, Adobe, Ulta and more"
2024-01-04,"Bitcoin shows its volatility once again in steep overnight decline, now back below $70,000"
2024-01-04,Biden’s 'billionaire tax' takes aim at the super-rich — but can a wealth tax work in reality?
2024-01-04,"Stocks making the biggest moves after hours: Adobe, Ulta and more"
2024-01-04,Morgan Stanley names a head of artificial intelligence as Wall Street leans into AI
2024-01-04,"Stocks making the biggest moves midday: Dick's Sporting Goods, Lennar, Robinhood and more"
2024-01-04,"HSBC is 'very positive' about the future of China's economy, CFO says"
2024-01-04,"Tracy Britt Cool, who worked for Warren Buffett for 10 years, is making her name in midsize firms"
2024-01-04,"'Take the emotion out of investing' during a presidential election year, strategist says"
2024-01-04,"Here's when the Fed is likely to start cutting interest rates, according to investment strategists"
2024-01-04,"Stocks making the biggest moves premarket: Citigroup, Under Armour, MicroStrategy and more"
2024-01-04,"Stocks making the biggest moves after hours: Robinhood, SentinelOne, Under Armour and more"
2024-01-04,"Stocks making the biggest moves midday: Tesla, GE HealthCare, Coinbase and more"
2024-01-04,Jamie Dimon endorses Disney CEO Bob Iger in proxy fight with Nelson Peltz's Trian Partners
2024-01-04,"Stocks making the biggest moves premarket: Dollar Tree, Petco, Tesla and more "
2024-01-04,Shareholder payouts hit a record $1.7 trillion last year as bank profits surged
2024-01-04,"Citadel's Ken Griffin says the Fed shouldn't cut too quickly, citing tailwinds supporting inflation"
2024-01-04,"Stocks making the biggest moves midday: Southwest, Oracle, 3M, New York Community Bancorp and more"
2024-01-04,"Stocks making the biggest moves before the bell: Oracle, Kohl's, Coinbase, Southwest and more"
2024-01-04,Xiaomi is set to launch its electric car on March 28
2024-01-04,Jefferies analyst challenges Trump’s claim that Meta’s Facebook is ‘enemy of the people’
2024-01-04,"China's stock valuations are 'way too low,' strategist says — here's why"
2024-01-04,"Stocks making the biggest moves after hours: Oracle, Vail Resorts, Advance Auto Parts and more"
2024-01-04,"Stocks making the biggest moves midday: Nvidia, Coinbase, Oracle, Bally's and more  "
2024-01-04,Why Amtrak is attempting to revive the Texas Central bullet train
2024-01-04,"Stocks making the biggest moves premarket: Coinbase, PDD Holdings, Duolingo and more"
2024-01-04,"Bitcoin rises to another record, ether breaks through $4,000"
2024-01-04,China's annual parliamentary meeting has ended. Here are the key takeaways
2024-01-04,China's housing minister says real estate developers must go bankrupt if necessary
2024-01-05,"Stocks making the biggest moves midday: Adobe, Ulta, Micron Technology, Rivian Automotive and more"
2024-01-05,"Stocks making the biggest premarket moves: Rivian, Micron, Adobe, Ulta and more"
2024-01-05,"Bitcoin shows its volatility once again in steep overnight decline, now back below $70,000"
2024-01-05,Biden’s 'billionaire tax' takes aim at the super-rich — but can a wealth tax work in reality?
2024-01-05,"Stocks making the biggest moves after hours: Adobe, Ulta and more"
2024-01-05,Morgan Stanley names a head of artificial intelligence as Wall Street leans into AI
2024-01-05,"Stocks making the biggest moves midday: Dick's Sporting Goods, Lennar, Robinhood and more"
2024-01-05,"HSBC is 'very positive' about the future of China's economy, CFO says"
2024-01-05,"Tracy Britt Cool, who worked for Warren Buffett for 10 years, is making her name in midsize firms"
2024-01-05,"'Take the emotion out of investing' during a presidential election year, strategist says"
2024-01-05,"Here's when the Fed is likely to start cutting interest rates, according to investment strategists"
2024-01-05,"Stocks making the biggest moves premarket: Citigroup, Under Armour, MicroStrategy and more"
2024-01-05,"Stocks making the biggest moves after hours: Robinhood, SentinelOne, Under Armour and more"
2024-01-05,"Stocks making the biggest moves midday: Tesla, GE HealthCare, Coinbase and more"
2024-01-05,Jamie Dimon endorses Disney CEO Bob Iger in proxy fight with Nelson Peltz's Trian Partners
2024-01-05,"Stocks making the biggest moves premarket: Dollar Tree, Petco, Tesla and more "
2024-01-05,Shareholder payouts hit a record $1.7 trillion last year as bank profits surged
2024-01-05,"Citadel's Ken Griffin says the Fed shouldn't cut too quickly, citing tailwinds supporting inflation"
2024-01-05,"Stocks making the biggest moves midday: Southwest, Oracle, 3M, New York Community Bancorp and more"
2024-01-05,"Stocks making the biggest moves before the bell: Oracle, Kohl's, Coinbase, Southwest and more"
2024-01-05,Xiaomi is set to launch its electric car on March 28
2024-01-05,Jefferies analyst challenges Trump’s claim that Meta’s Facebook is ‘enemy of the people’
2024-01-05,"China's stock valuations are 'way too low,' strategist says — here's why"
2024-01-05,"Stocks making the biggest moves after hours: Oracle, Vail Resorts, Advance Auto Parts and more"
2024-01-05,"Stocks making the biggest moves midday: Nvidia, Coinbase, Oracle, Bally's and more  "
2024-01-05,Why Amtrak is attempting to revive the Texas Central bullet train
2024-01-05,"Stocks making the biggest moves premarket: Coinbase, PDD Holdings, Duolingo and more"
2024-01-05,"Bitcoin rises to another record, ether breaks through $4,000"
2024-01-05,China's annual parliamentary meeting has ended. Here are the key takeaways
2024-01-05,China's housing minister says real estate developers must go bankrupt if necessary
2024-01-06,"Stocks making the biggest moves midday: Adobe, Ulta, Micron Technology, Rivian Automotive and more"
2024-01-06,"Stocks making the biggest premarket moves: Rivian, Micron, Adobe, Ulta and more"
2024-01-06,"Bitcoin shows its volatility once again in steep overnight decline, now back below $70,000"
2024-01-06,Biden’s 'billionaire tax' takes aim at the super-rich — but can a wealth tax work in reality?
2024-01-06,"Stocks making the biggest moves after hours: Adobe, Ulta and more"
2024-01-06,Morgan Stanley names a head of artificial intelligence as Wall Street leans into AI
2024-01-06,"Stocks making the biggest moves midday: Dick's Sporting Goods, Lennar, Robinhood and more"
2024-01-06,"HSBC is 'very positive' about the future of China's economy, CFO says"
2024-01-06,"Tracy Britt Cool, who worked for Warren Buffett for 10 years, is making her name in midsize firms"
2024-01-06,"'Take the emotion out of investing' during a presidential election year, strategist says"
2024-01-06,"Here's when the Fed is likely to start cutting interest rates, according to investment strategists"
2024-01-06,"Stocks making the biggest moves premarket: Citigroup, Under Armour, MicroStrategy and more"
2024-01-06,"Stocks making the biggest moves after hours: Robinhood, SentinelOne, Under Armour and more"
2024-01-06,"Stocks making the biggest moves midday: Tesla, GE HealthCare, Coinbase and more"
2024-01-06,Jamie Dimon endorses Disney CEO Bob Iger in proxy fight with Nelson Peltz's Trian Partners
2024-01-06,"Stocks making the biggest moves premarket: Dollar Tree, Petco, Tesla and more "
2024-01-06,Shareholder payouts hit a record $1.7 trillion last year as bank profits surged
2024-01-06,"Citadel's Ken Griffin says the Fed shouldn't cut too quickly, citing tailwinds supporting inflation"
2024-01-06,"Stocks making the biggest moves midday: Southwest, Oracle, 3M, New York Community Bancorp and more"
2024-01-06,"Stocks making the biggest moves before the bell: Oracle, Kohl's, Coinbase, Southwest and more"
2024-01-06,Xiaomi is set to launch its electric car on March 28
2024-01-06,Jefferies analyst challenges Trump’s claim that Meta’s Facebook is ‘enemy of the people’
2024-01-06,"China's stock valuations are 'way too low,' strategist says — here's why"
2024-01-06,"Stocks making the biggest moves after hours: Oracle, Vail Resorts, Advance Auto Parts and more"
2024-01-06,"Stocks making the biggest moves midday: Nvidia, Coinbase, Oracle, Bally's and more  "
2024-01-06,Why Amtrak is attempting to revive the Texas Central bullet train
2024-01-06,"Stocks making the biggest moves premarket: Coinbase, PDD Holdings, Duolingo and more"
2024-01-06,"Bitcoin rises to another record, ether breaks through $4,000"
2024-01-06,China's annual parliamentary meeting has ended. Here are the key takeaways
2024-01-06,China's housing minister says real estate developers must go bankrupt if necessary
2024-01-07,"Stocks making the biggest moves midday: Adobe, Ulta, Micron Technology, Rivian Automotive and more"
2024-01-07,"Stocks making the biggest premarket moves: Rivian, Micron, Adobe, Ulta and more"
2024-01-07,"Bitcoin shows its volatility once again in steep overnight decline, now back below $70,000"
2024-01-07,Biden’s 'billionaire tax' takes aim at the super-rich — but can a wealth tax work in reality?
2024-01-07,"Stocks making the biggest moves after hours: Adobe, Ulta and more"
2024-01-07,Morgan Stanley names a head of artificial intelligence as Wall Street leans into AI
2024-01-07,"Stocks making the biggest moves midday: Dick's Sporting Goods, Lennar, Robinhood and more"
2024-01-07,"HSBC is 'very positive' about the future of China's economy, CFO says"
2024-01-07,"Tracy Britt Cool, who worked for Warren Buffett for 10 years, is making her name in midsize firms"
2024-01-07,"'Take the emotion out of investing' during a presidential election year, strategist says"
2024-01-07,"Here's when the Fed is likely to start cutting interest rates, according to investment strategists"
2024-01-07,"Stocks making the biggest moves premarket: Citigroup, Under Armour, MicroStrategy and more"
2024-01-07,"Stocks making the biggest moves after hours: Robinhood, SentinelOne, Under Armour and more"
2024-01-07,"Stocks making the biggest moves midday: Tesla, GE HealthCare, Coinbase and more"
2024-01-07,Jamie Dimon endorses Disney CEO Bob Iger in proxy fight with Nelson Peltz's Trian Partners
2024-01-07,"Stocks making the biggest moves premarket: Dollar Tree, Petco, Tesla and more "
2024-01-07,Shareholder payouts hit a record $1.7 trillion last year as bank profits surged
2024-01-07,"Citadel's Ken Griffin says the Fed shouldn't cut too quickly, citing tailwinds supporting inflation"
2024-01-07,"Stocks making the biggest moves midday: Southwest, Oracle, 3M, New York Community Bancorp and more"
2024-01-07,"Stocks making the biggest moves before the bell: Oracle, Kohl's, Coinbase, Southwest and more"
2024-01-07,Xiaomi is set to launch its electric car on March 28
2024-01-07,Jefferies analyst challenges Trump’s claim that Meta’s Facebook is ‘enemy of the people’
2024-01-07,"China's stock valuations are 'way too low,' strategist says — here's why"
2024-01-07,"Stocks making the biggest moves after hours: Oracle, Vail Resorts, Advance Auto Parts and more"
2024-01-07,"Stocks making the biggest moves midday: Nvidia, Coinbase, Oracle, Bally's and more  "
2024-01-07,Why Amtrak is attempting to revive the Texas Central bullet train
2024-01-07,"Stocks making the biggest moves premarket: Coinbase, PDD Holdings, Duolingo and more"
2024-01-07,"Bitcoin rises to another record, ether breaks through $4,000"
2024-01-07,China's annual parliamentary meeting has ended. Here are the key takeaways
2024-01-07,China's housing minister says real estate developers must go bankrupt if necessary
2024-01-08,"Stocks making the biggest moves midday: Adobe, Ulta, Micron Technology, Rivian Automotive and more"
2024-01-08,"Stocks making the biggest premarket moves: Rivian, Micron, Adobe, Ulta and more"
2024-01-08,"Bitcoin shows its volatility once again in steep overnight decline, now back below $70,000"
2024-01-08,Biden’s 'billionaire tax' takes aim at the super-rich — but can a wealth tax work in reality?
2024-01-08,"Stocks making the biggest moves after hours: Adobe, Ulta and more"
2024-01-08,Morgan Stanley names a head of artificial intelligence as Wall Street leans into AI
2024-01-08,"Stocks making the biggest moves midday: Dick's Sporting Goods, Lennar, Robinhood and more"
2024-01-08,"HSBC is 'very positive' about the future of China's economy, CFO says"
2024-01-08,"Tracy Britt Cool, who worked for Warren Buffett for 10 years, is making her name in midsize firms"
2024-01-08,"'Take the emotion out of investing' during a presidential election year, strategist says"
2024-01-08,"Here's when the Fed is likely to start cutting interest rates, according to investment strategists"
2024-01-08,"Stocks making the biggest moves premarket: Citigroup, Under Armour, MicroStrategy and more"
2024-01-08,"Stocks making the biggest moves after hours: Robinhood, SentinelOne, Under Armour and more"
2024-01-08,"Stocks making the biggest moves midday: Tesla, GE HealthCare, Coinbase and more"
2024-01-08,Jamie Dimon endorses Disney CEO Bob Iger in proxy fight with Nelson Peltz's Trian Partners
2024-01-08,"Stocks making the biggest moves premarket: Dollar Tree, Petco, Tesla and more "
2024-01-08,Shareholder payouts hit a record $1.7 trillion last year as bank profits surged
2024-01-08,"Citadel's Ken Griffin says the Fed shouldn't cut too quickly, citing tailwinds supporting inflation"
2024-01-08,"Stocks making the biggest moves midday: Southwest, Oracle, 3M, New York Community Bancorp and more"
2024-01-08,"Stocks making the biggest moves before the bell: Oracle, Kohl's, Coinbase, Southwest and more"
2024-01-08,Xiaomi is set to launch its electric car on March 28
2024-01-08,Jefferies analyst challenges Trump’s claim that Meta’s Facebook is ‘enemy of the people’
2024-01-08,"China's stock valuations are 'way too low,' strategist says — here's why"
2024-01-08,"Stocks making the biggest moves after hours: Oracle, Vail Resorts, Advance Auto Parts and more"
2024-01-08,"Stocks making the biggest moves midday: Nvidia, Coinbase, Oracle, Bally's and more  "
2024-01-08,Why Amtrak is attempting to revive the Texas Central bullet train
2024-01-08,"Stocks making the biggest moves premarket: Coinbase, PDD Holdings, Duolingo and more"
2024-01-08,"Bitcoin rises to another record, ether breaks through $4,000"
2024-01-08,China's annual parliamentary meeting has ended. Here are the key takeaways
2024-01-08,China's housing minister says real estate developers must go bankrupt if necessary
2024-01-09,"Stocks making the biggest moves midday: Adobe, Ulta, Micron Technology, Rivian Automotive and more"
2024-01-09,"Stocks making the biggest premarket moves: Rivian, Micron, Adobe, Ulta and more"
2024-01-09,"Bitcoin shows its volatility once again in steep overnight decline, now back below $70,000"
2024-01-09,Biden’s 'billionaire tax' takes aim at the super-rich — but can a wealth tax work in reality?
2024-01-09,"Stocks making the biggest moves after hours: Adobe, Ulta and more"
2024-01-09,Morgan Stanley names a head of artificial intelligence as Wall Street leans into AI
2024-01-09,"Stocks making the biggest moves midday: Dick's Sporting Goods, Lennar, Robinhood and more"
2024-01-09,"HSBC is 'very positive' about the future of China's economy, CFO says"
2024-01-09,"Tracy Britt Cool, who worked for Warren Buffett for 10 years, is making her name in midsize firms"
2024-01-09,"'Take the emotion out of investing' during a presidential election year, strategist says"
2024-01-09,"Here's when the Fed is likely to start cutting interest rates, according to investment strategists"
2024-01-09,"Stocks making the biggest moves premarket: Citigroup, Under Armour, MicroStrategy and more"
2024-01-09,"Stocks making the biggest moves after hours: Robinhood, SentinelOne, Under Armour and more"
2024-01-09,"Stocks making the biggest moves midday: Tesla, GE HealthCare, Coinbase and more"
2024-01-09,Jamie Dimon endorses Disney CEO Bob Iger in proxy fight with Nelson Peltz's Trian Partners
2024-01-09,"Stocks making the biggest moves premarket: Dollar Tree, Petco, Tesla and more "
2024-01-09,Shareholder payouts hit a record $1.7 trillion last year as bank profits surged
2024-01-09,"Citadel's Ken Griffin says the Fed shouldn't cut too quickly, citing tailwinds supporting inflation"
2024-01-09,"Stocks making the biggest moves midday: Southwest, Oracle, 3M, New York Community Bancorp and more"
2024-01-09,"Stocks making the biggest moves before the bell: Oracle, Kohl's, Coinbase, Southwest and more"
2024-01-09,Xiaomi is set to launch its electric car on March 28
2024-01-09,Jefferies analyst challenges Trump’s claim that Meta’s Facebook is ‘enemy of the people’
2024-01-09,"China's stock valuations are 'way too low,' strategist says — here's why"
2024-01-09,"Stocks making the biggest moves after hours: Oracle, Vail Resorts, Advance Auto Parts and more"
2024-01-09,"Stocks making the biggest moves midday: Nvidia, Coinbase, Oracle, Bally's and more  "
2024-01-09,Why Amtrak is attempting to revive the Texas Central bullet train
2024-01-09,"Stocks making the biggest moves premarket: Coinbase, PDD Holdings, Duolingo and more"
2024-01-09,"Bitcoin rises to another record, ether breaks through $4,000"
2024-01-09,China's annual parliamentary meeting has ended. Here are the key takeaways
2024-01-09,China's housing minister says real estate developers must go bankrupt if necessary
2024-01-10,"Stocks making the biggest moves midday: Adobe, Ulta, Micron Technology, Rivian Automotive and more"
2024-01-10,"Stocks making the biggest premarket moves: Rivian, Micron, Adobe, Ulta and more"
2024-01-10,"Bitcoin shows its volatility once again in steep overnight decline, now back below $70,000"
2024-01-10,Biden’s 'billionaire tax' takes aim at the super-rich — but can a wealth tax work in reality?
2024-01-10,"Stocks making the biggest moves after hours: Adobe, Ulta and more"
2024-01-10,Morgan Stanley names a head of artificial intelligence as Wall Street leans into AI
2024-01-10,"Stocks making the biggest moves midday: Dick's Sporting Goods, Lennar, Robinhood and more"
2024-01-10,"HSBC is 'very positive' about the future of China's economy, CFO says"
2024-01-10,"Tracy Britt Cool, who worked for Warren Buffett for 10 years, is making her name in midsize firms"
2024-01-10,"'Take the emotion out of investing' during a presidential election year, strategist says"
2024-01-10,"Here's when the Fed is likely to start cutting interest rates, according to investment strategists"
2024-01-10,"Stocks making the biggest moves premarket: Citigroup, Under Armour, MicroStrategy and more"
2024-01-10,"Stocks making the biggest moves after hours: Robinhood, SentinelOne, Under Armour and more"
2024-01-10,"Stocks making the biggest moves midday: Tesla, GE HealthCare, Coinbase and more"
2024-01-10,Jamie Dimon endorses Disney CEO Bob Iger in proxy fight with Nelson Peltz's Trian Partners
2024-01-10,"Stocks making the biggest moves premarket: Dollar Tree, Petco, Tesla and more "
2024-01-10,Shareholder payouts hit a record $1.7 trillion last year as bank profits surged
2024-01-10,"Citadel's Ken Griffin says the Fed shouldn't cut too quickly, citing tailwinds supporting inflation"
2024-01-10,"Stocks making the biggest moves midday: Southwest, Oracle, 3M, New York Community Bancorp and more"
2024-01-10,"Stocks making the biggest moves before the bell: Oracle, Kohl's, Coinbase, Southwest and more"
2024-01-10,Xiaomi is set to launch its electric car on March 28
2024-01-10,Jefferies analyst challenges Trump’s claim that Meta’s Facebook is ‘enemy of the people’
2024-01-10,"China's stock valuations are 'way too low,' strategist says — here's why"
2024-01-10,"Stocks making the biggest moves after hours: Oracle, Vail Resorts, Advance Auto Parts and more"
2024-01-10,"Stocks making the biggest moves midday: Nvidia, Coinbase, Oracle, Bally's and more  "
2024-01-10,Why Amtrak is attempting to revive the Texas Central bullet train
2024-01-10,"Stocks making the biggest moves premarket: Coinbase, PDD Holdings, Duolingo and more"
2024-01-10,"Bitcoin rises to another record, ether breaks through $4,000"
2024-01-10,China's annual parliamentary meeting has ended. Here are the key takeaways
2024-01-10,China's housing minister says real estate developers must go bankrupt if necessary
2024-01-11,"Stocks making the biggest moves midday: Adobe, Ulta, Micron Technology, Rivian Automotive and more"
2024-01-11,"Stocks making the biggest premarket moves: Rivian, Micron, Adobe, Ulta and more"
2024-01-11,"Bitcoin shows its volatility once again in steep overnight decline, now back below $70,000"
2024-01-11,Biden’s 'billionaire tax' takes aim at the super-rich — but can a wealth tax work in reality?
2024-01-11,"Stocks making the biggest moves after hours: Adobe, Ulta and more"
2024-01-11,Morgan Stanley names a head of artificial intelligence as Wall Street leans into AI
2024-01-11,"Stocks making the biggest moves midday: Dick's Sporting Goods, Lennar, Robinhood and more"
2024-01-11,"HSBC is 'very positive' about the future of China's economy, CFO says"
2024-01-11,"Tracy Britt Cool, who worked for Warren Buffett for 10 years, is making her name in midsize firms"
2024-01-11,"'Take the emotion out of investing' during a presidential election year, strategist says"
2024-01-11,"Here's when the Fed is likely to start cutting interest rates, according to investment strategists"
2024-01-11,"Stocks making the biggest moves premarket: Citigroup, Under Armour, MicroStrategy and more"
2024-01-11,"Stocks making the biggest moves after hours: Robinhood, SentinelOne, Under Armour and more"
2024-01-11,"Stocks making the biggest moves midday: Tesla, GE HealthCare, Coinbase and more"
2024-01-11,Jamie Dimon endorses Disney CEO Bob Iger in proxy fight with Nelson Peltz's Trian Partners
2024-01-11,"Stocks making the biggest moves premarket: Dollar Tree, Petco, Tesla and more "
2024-01-11,Shareholder payouts hit a record $1.7 trillion last year as bank profits surged
2024-01-11,"Citadel's Ken Griffin says the Fed shouldn't cut too quickly, citing tailwinds supporting inflation"
2024-01-11,"Stocks making the biggest moves midday: Southwest, Oracle, 3M, New York Community Bancorp and more"
2024-01-11,"Stocks making the biggest moves before the bell: Oracle, Kohl's, Coinbase, Southwest and more"
2024-01-11,Xiaomi is set to launch its electric car on March 28
2024-01-11,Jefferies analyst challenges Trump’s claim that Meta’s Facebook is ‘enemy of the people’
2024-01-11,"China's stock valuations are 'way too low,' strategist says — here's why"
2024-01-11,"Stocks making the biggest moves after hours: Oracle, Vail Resorts, Advance Auto Parts and more"
2024-01-11,"Stocks making the biggest moves midday: Nvidia, Coinbase, Oracle, Bally's and more  "
2024-01-11,Why Amtrak is attempting to revive the Texas Central bullet train
2024-01-11,"Stocks making the biggest moves premarket: Coinbase, PDD Holdings, Duolingo and more"
2024-01-11,"Bitcoin rises to another record, ether breaks through $4,000"
2024-01-11,China's annual parliamentary meeting has ended. Here are the key takeaways
2024-01-11,China's housing minister says real estate developers must go bankrupt if necessary
2024-01-12,"Stocks making the biggest moves midday: Adobe, Ulta, Micron Technology, Rivian Automotive and more"
2024-01-12,"Stocks making the biggest premarket moves: Rivian, Micron, Adobe, Ulta and more"
2024-01-12,"Bitcoin shows its volatility once again in steep overnight decline, now back below $70,000"
2024-01-12,Biden’s 'billionaire tax' takes aim at the super-rich — but can a wealth tax work in reality?
2024-01-12,"Stocks making the biggest moves after hours: Adobe, Ulta and more"
2024-01-12,Morgan Stanley names a head of artificial intelligence as Wall Street leans into AI
2024-01-12,"Stocks making the biggest moves midday: Dick's Sporting Goods, Lennar, Robinhood and more"
2024-01-12,"HSBC is 'very positive' about the future of China's economy, CFO says"
2024-01-12,"Tracy Britt Cool, who worked for Warren Buffett for 10 years, is making her name in midsize firms"
2024-01-12,"'Take the emotion out of investing' during a presidential election year, strategist says"
2024-01-12,"Here's when the Fed is likely to start cutting interest rates, according to investment strategists"
2024-01-12,"Stocks making the biggest moves premarket: Citigroup, Under Armour, MicroStrategy and more"
2024-01-12,"Stocks making the biggest moves after hours: Robinhood, SentinelOne, Under Armour and more"
2024-01-12,"Stocks making the biggest moves midday: Tesla, GE HealthCare, Coinbase and more"
2024-01-12,Jamie Dimon endorses Disney CEO Bob Iger in proxy fight with Nelson Peltz's Trian Partners
2024-01-12,"Stocks making the biggest moves premarket: Dollar Tree, Petco, Tesla and more "
2024-01-12,Shareholder payouts hit a record $1.7 trillion last year as bank profits surged
2024-01-12,"Citadel's Ken Griffin says the Fed shouldn't cut too quickly, citing tailwinds supporting inflation"
2024-01-12,"Stocks making the biggest moves midday: Southwest, Oracle, 3M, New York Community Bancorp and more"
2024-01-12,"Stocks making the biggest moves before the bell: Oracle, Kohl's, Coinbase, Southwest and more"
2024-01-12,Xiaomi is set to launch its electric car on March 28
2024-01-12,Jefferies analyst challenges Trump’s claim that Meta’s Facebook is ‘enemy of the people’
2024-01-12,"China's stock valuations are 'way too low,' strategist says — here's why"
2024-01-12,"Stocks making the biggest moves after hours: Oracle, Vail Resorts, Advance Auto Parts and more"
2024-01-12,"Stocks making the biggest moves midday: Nvidia, Coinbase, Oracle, Bally's and more  "
2024-01-12,Why Amtrak is attempting to revive the Texas Central bullet train
2024-01-12,"Stocks making the biggest moves premarket: Coinbase, PDD Holdings, Duolingo and more"
2024-01-12,"Bitcoin rises to another record, ether breaks through $4,000"
2024-01-12,China's annual parliamentary meeting has ended. Here are the key takeaways
2024-01-12,China's housing minister says real estate developers must go bankrupt if necessary
2024-01-13,"Stocks making the biggest moves midday: Adobe, Ulta, Micron Technology, Rivian Automotive and more"
2024-01-13,"Stocks making the biggest premarket moves: Rivian, Micron, Adobe, Ulta and more"
2024-01-13,"Bitcoin shows its volatility once again in steep overnight decline, now back below $70,000"
2024-01-13,Biden’s 'billionaire tax' takes aim at the super-rich — but can a wealth tax work in reality?
2024-01-13,"Stocks making the biggest moves after hours: Adobe, Ulta and more"
2024-01-13,Morgan Stanley names a head of artificial intelligence as Wall Street leans into AI
2024-01-13,"Stocks making the biggest moves midday: Dick's Sporting Goods, Lennar, Robinhood and more"
2024-01-13,"HSBC is 'very positive' about the future of China's economy, CFO says"
2024-01-13,"Tracy Britt Cool, who worked for Warren Buffett for 10 years, is making her name in midsize firms"
2024-01-13,"'Take the emotion out of investing' during a presidential election year, strategist says"
2024-01-13,"Here's when the Fed is likely to start cutting interest rates, according to investment strategists"
2024-01-13,"Stocks making the biggest moves premarket: Citigroup, Under Armour, MicroStrategy and more"
2024-01-13,"Stocks making the biggest moves after hours: Robinhood, SentinelOne, Under Armour and more"
2024-01-13,"Stocks making the biggest moves midday: Tesla, GE HealthCare, Coinbase and more"
2024-01-13,Jamie Dimon endorses Disney CEO Bob Iger in proxy fight with Nelson Peltz's Trian Partners
2024-01-13,"Stocks making the biggest moves premarket: Dollar Tree, Petco, Tesla and more "
2024-01-13,Shareholder payouts hit a record $1.7 trillion last year as bank profits surged
2024-01-13,"Citadel's Ken Griffin says the Fed shouldn't cut too quickly, citing tailwinds supporting inflation"
2024-01-13,"Stocks making the biggest moves midday: Southwest, Oracle, 3M, New York Community Bancorp and more"
2024-01-13,"Stocks making the biggest moves before the bell: Oracle, Kohl's, Coinbase, Southwest and more"
2024-01-13,Xiaomi is set to launch its electric car on March 28
2024-01-13,Jefferies analyst challenges Trump’s claim that Meta’s Facebook is ‘enemy of the people’
2024-01-13,"China's stock valuations are 'way too low,' strategist says — here's why"
2024-01-13,"Stocks making the biggest moves after hours: Oracle, Vail Resorts, Advance Auto Parts and more"
2024-01-13,"Stocks making the biggest moves midday: Nvidia, Coinbase, Oracle, Bally's and more  "
2024-01-13,Why Amtrak is attempting to revive the Texas Central bullet train
2024-01-13,"Stocks making the biggest moves premarket: Coinbase, PDD Holdings, Duolingo and more"
2024-01-13,"Bitcoin rises to another record, ether breaks through $4,000"
2024-01-13,China's annual parliamentary meeting has ended. Here are the key takeaways
2024-01-13,China's housing minister says real estate developers must go bankrupt if necessary
2024-01-14,"Stocks making the biggest moves midday: Adobe, Ulta, Micron Technology, Rivian Automotive and more"
2024-01-14,"Stocks making the biggest premarket moves: Rivian, Micron, Adobe, Ulta and more"
2024-01-14,"Bitcoin shows its volatility once again in steep overnight decline, now back below $70,000"
2024-01-14,Biden’s 'billionaire tax' takes aim at the super-rich — but can a wealth tax work in reality?
2024-01-14,"Stocks making the biggest moves after hours: Adobe, Ulta and more"
2024-01-14,Morgan Stanley names a head of artificial intelligence as Wall Street leans into AI
2024-01-14,"Stocks making the biggest moves midday: Dick's Sporting Goods, Lennar, Robinhood and more"
2024-01-14,"HSBC is 'very positive' about the future of China's economy, CFO says"
2024-01-14,"Tracy Britt Cool, who worked for Warren Buffett for 10 years, is making her name in midsize firms"
2024-01-14,"'Take the emotion out of investing' during a presidential election year, strategist says"
2024-01-14,"Here's when the Fed is likely to start cutting interest rates, according to investment strategists"
2024-01-14,"Stocks making the biggest moves premarket: Citigroup, Under Armour, MicroStrategy and more"
2024-01-14,"Stocks making the biggest moves after hours: Robinhood, SentinelOne, Under Armour and more"
2024-01-14,"Stocks making the biggest moves midday: Tesla, GE HealthCare, Coinbase and more"
2024-01-14,Jamie Dimon endorses Disney CEO Bob Iger in proxy fight with Nelson Peltz's Trian Partners
2024-01-14,"Stocks making the biggest moves premarket: Dollar Tree, Petco, Tesla and more "
2024-01-14,Shareholder payouts hit a record $1.7 trillion last year as bank profits surged
2024-01-14,"Citadel's Ken Griffin says the Fed shouldn't cut too quickly, citing tailwinds supporting inflation"
2024-01-14,"Stocks making the biggest moves midday: Southwest, Oracle, 3M, New York Community Bancorp and more"
2024-01-14,"Stocks making the biggest moves before the bell: Oracle, Kohl's, Coinbase, Southwest and more"
2024-01-14,Xiaomi is set to launch its electric car on March 28
2024-01-14,Jefferies analyst challenges Trump’s claim that Meta’s Facebook is ‘enemy of the people’
2024-01-14,"China's stock valuations are 'way too low,' strategist says — here's why"
2024-01-14,"Stocks making the biggest moves after hours: Oracle, Vail Resorts, Advance Auto Parts and more"
2024-01-14,"Stocks making the biggest moves midday: Nvidia, Coinbase, Oracle, Bally's and more  "
2024-01-14,Why Amtrak is attempting to revive the Texas Central bullet train
2024-01-14,"Stocks making the biggest moves premarket: Coinbase, PDD Holdings, Duolingo and more"
2024-01-14,"Bitcoin rises to another record, ether breaks through $4,000"
2024-01-14,China's annual parliamentary meeting has ended. Here are the key takeaways
2024-01-14,China's housing minister says real estate developers must go bankrupt if necessary
2024-01-15,"Stocks making the biggest moves midday: Adobe, Ulta, Micron Technology, Rivian Automotive and more"
2024-01-15,"Stocks making the biggest premarket moves: Rivian, Micron, Adobe, Ulta and more"
2024-01-15,"Bitcoin shows its volatility once again in steep overnight decline, now back below $70,000"
2024-01-15,Biden’s 'billionaire tax' takes aim at the super-rich — but can a wealth tax work in reality?
2024-01-15,"Stocks making the biggest moves after hours: Adobe, Ulta and more"
2024-01-15,Morgan Stanley names a head of artificial intelligence as Wall Street leans into AI
2024-01-15,"Stocks making the biggest moves midday: Dick's Sporting Goods, Lennar, Robinhood and more"
2024-01-15,"HSBC is 'very positive' about the future of China's economy, CFO says"
2024-01-15,"Tracy Britt Cool, who worked for Warren Buffett for 10 years, is making her name in midsize firms"
2024-01-15,"'Take the emotion out of investing' during a presidential election year, strategist says"
2024-01-15,"Here's when the Fed is likely to start cutting interest rates, according to investment strategists"
2024-01-15,"Stocks making the biggest moves premarket: Citigroup, Under Armour, MicroStrategy and more"
2024-01-15,"Stocks making the biggest moves after hours: Robinhood, SentinelOne, Under Armour and more"
2024-01-15,"Stocks making the biggest moves midday: Tesla, GE HealthCare, Coinbase and more"
2024-01-15,Jamie Dimon endorses Disney CEO Bob Iger in proxy fight with Nelson Peltz's Trian Partners
2024-01-15,"Stocks making the biggest moves premarket: Dollar Tree, Petco, Tesla and more "
2024-01-15,Shareholder payouts hit a record $1.7 trillion last year as bank profits surged
2024-01-15,"Citadel's Ken Griffin says the Fed shouldn't cut too quickly, citing tailwinds supporting inflation"
2024-01-15,"Stocks making the biggest moves midday: Southwest, Oracle, 3M, New York Community Bancorp and more"
2024-01-15,"Stocks making the biggest moves before the bell: Oracle, Kohl's, Coinbase, Southwest and more"
2024-01-15,Xiaomi is set to launch its electric car on March 28
2024-01-15,Jefferies analyst challenges Trump’s claim that Meta’s Facebook is ‘enemy of the people’
2024-01-15,"China's stock valuations are 'way too low,' strategist says — here's why"
2024-01-15,"Stocks making the biggest moves after hours: Oracle, Vail Resorts, Advance Auto Parts and more"
2024-01-15,"Stocks making the biggest moves midday: Nvidia, Coinbase, Oracle, Bally's and more  "
2024-01-15,Why Amtrak is attempting to revive the Texas Central bullet train
2024-01-15,"Stocks making the biggest moves premarket: Coinbase, PDD Holdings, Duolingo and more"
2024-01-15,"Bitcoin rises to another record, ether breaks through $4,000"
2024-01-15,China's annual parliamentary meeting has ended. Here are the key takeaways
2024-01-15,China's housing minister says real estate developers must go bankrupt if necessary
2024-01-16,"Stocks making the biggest moves midday: Adobe, Ulta, Micron Technology, Rivian Automotive and more"
2024-01-16,"Stocks making the biggest premarket moves: Rivian, Micron, Adobe, Ulta and more"
2024-01-16,"Bitcoin shows its volatility once again in steep overnight decline, now back below $70,000"
2024-01-16,Biden’s 'billionaire tax' takes aim at the super-rich — but can a wealth tax work in reality?
2024-01-16,"Stocks making the biggest moves after hours: Adobe, Ulta and more"
2024-01-16,Morgan Stanley names a head of artificial intelligence as Wall Street leans into AI
2024-01-16,"Stocks making the biggest moves midday: Dick's Sporting Goods, Lennar, Robinhood and more"
2024-01-16,"HSBC is 'very positive' about the future of China's economy, CFO says"
2024-01-16,"Tracy Britt Cool, who worked for Warren Buffett for 10 years, is making her name in midsize firms"
2024-01-16,"'Take the emotion out of investing' during a presidential election year, strategist says"
2024-01-16,"Here's when the Fed is likely to start cutting interest rates, according to investment strategists"
2024-01-16,"Stocks making the biggest moves premarket: Citigroup, Under Armour, MicroStrategy and more"
2024-01-16,"Stocks making the biggest moves after hours: Robinhood, SentinelOne, Under Armour and more"
2024-01-16,"Stocks making the biggest moves midday: Tesla, GE HealthCare, Coinbase and more"
2024-01-16,Jamie Dimon endorses Disney CEO Bob Iger in proxy fight with Nelson Peltz's Trian Partners
2024-01-16,"Stocks making the biggest moves premarket: Dollar Tree, Petco, Tesla and more "
2024-01-16,Shareholder payouts hit a record $1.7 trillion last year as bank profits surged
2024-01-16,"Citadel's Ken Griffin says the Fed shouldn't cut too quickly, citing tailwinds supporting inflation"
2024-01-16,"Stocks making the biggest moves midday: Southwest, Oracle, 3M, New York Community Bancorp and more"
2024-01-16,"Stocks making the biggest moves before the bell: Oracle, Kohl's, Coinbase, Southwest and more"
2024-01-16,Xiaomi is set to launch its electric car on March 28
2024-01-16,Jefferies analyst challenges Trump’s claim that Meta’s Facebook is ‘enemy of the people’
2024-01-16,"China's stock valuations are 'way too low,' strategist says — here's why"
2024-01-16,"Stocks making the biggest moves after hours: Oracle, Vail Resorts, Advance Auto Parts and more"
2024-01-16,"Stocks making the biggest moves midday: Nvidia, Coinbase, Oracle, Bally's and more  "
2024-01-16,Why Amtrak is attempting to revive the Texas Central bullet train
2024-01-16,"Stocks making the biggest moves premarket: Coinbase, PDD Holdings, Duolingo and more"
2024-01-16,"Bitcoin rises to another record, ether breaks through $4,000"
2024-01-16,China's annual parliamentary meeting has ended. Here are the key takeaways
2024-01-16,China's housing minister says real estate developers must go bankrupt if necessary
2024-01-17,"Stocks making the biggest moves midday: Adobe, Ulta, Micron Technology, Rivian Automotive and more"
2024-01-17,"Stocks making the biggest premarket moves: Rivian, Micron, Adobe, Ulta and more"
2024-01-17,"Bitcoin shows its volatility once again in steep overnight decline, now back below $70,000"
2024-01-17,Biden’s 'billionaire tax' takes aim at the super-rich — but can a wealth tax work in reality?
2024-01-17,"Stocks making the biggest moves after hours: Adobe, Ulta and more"
2024-01-17,Morgan Stanley names a head of artificial intelligence as Wall Street leans into AI
2024-01-17,"Stocks making the biggest moves midday: Dick's Sporting Goods, Lennar, Robinhood and more"
2024-01-17,"HSBC is 'very positive' about the future of China's economy, CFO says"
2024-01-17,"Tracy Britt Cool, who worked for Warren Buffett for 10 years, is making her name in midsize firms"
2024-01-17,"'Take the emotion out of investing' during a presidential election year, strategist says"
2024-01-17,"Here's when the Fed is likely to start cutting interest rates, according to investment strategists"
2024-01-17,"Stocks making the biggest moves premarket: Citigroup, Under Armour, MicroStrategy and more"
2024-01-17,"Stocks making the biggest moves after hours: Robinhood, SentinelOne, Under Armour and more"
2024-01-17,"Stocks making the biggest moves midday: Tesla, GE HealthCare, Coinbase and more"
2024-01-17,Jamie Dimon endorses Disney CEO Bob Iger in proxy fight with Nelson Peltz's Trian Partners
2024-01-17,"Stocks making the biggest moves premarket: Dollar Tree, Petco, Tesla and more "
2024-01-17,Shareholder payouts hit a record $1.7 trillion last year as bank profits surged
2024-01-17,"Citadel's Ken Griffin says the Fed shouldn't cut too quickly, citing tailwinds supporting inflation"
2024-01-17,"Stocks making the biggest moves midday: Southwest, Oracle, 3M, New York Community Bancorp and more"
2024-01-17,"Stocks making the biggest moves before the bell: Oracle, Kohl's, Coinbase, Southwest and more"
2024-01-17,Xiaomi is set to launch its electric car on March 28
2024-01-17,Jefferies analyst challenges Trump’s claim that Meta’s Facebook is ‘enemy of the people’
2024-01-17,"China's stock valuations are 'way too low,' strategist says — here's why"
2024-01-17,"Stocks making the biggest moves after hours: Oracle, Vail Resorts, Advance Auto Parts and more"
2024-01-17,"Stocks making the biggest moves midday: Nvidia, Coinbase, Oracle, Bally's and more  "
2024-01-17,Why Amtrak is attempting to revive the Texas Central bullet train
2024-01-17,"Stocks making the biggest moves premarket: Coinbase, PDD Holdings, Duolingo and more"
2024-01-17,"Bitcoin rises to another record, ether breaks through $4,000"
2024-01-17,China's annual parliamentary meeting has ended. Here are the key takeaways
2024-01-17,China's housing minister says real estate developers must go bankrupt if necessary
2024-01-18,"Stocks making the biggest moves midday: Adobe, Ulta, Micron Technology, Rivian Automotive and more"
2024-01-18,"Stocks making the biggest premarket moves: Rivian, Micron, Adobe, Ulta and more"
2024-01-18,"Bitcoin shows its volatility once again in steep overnight decline, now back below $70,000"
2024-01-18,Biden’s 'billionaire tax' takes aim at the super-rich — but can a wealth tax work in reality?
2024-01-18,"Stocks making the biggest moves after hours: Adobe, Ulta and more"
2024-01-18,Morgan Stanley names a head of artificial intelligence as Wall Street leans into AI
2024-01-18,"Stocks making the biggest moves midday: Dick's Sporting Goods, Lennar, Robinhood and more"
2024-01-18,"HSBC is 'very positive' about the future of China's economy, CFO says"
2024-01-18,"Tracy Britt Cool, who worked for Warren Buffett for 10 years, is making her name in midsize firms"
2024-01-18,"'Take the emotion out of investing' during a presidential election year, strategist says"
2024-01-18,"Here's when the Fed is likely to start cutting interest rates, according to investment strategists"
2024-01-18,"Stocks making the biggest moves premarket: Citigroup, Under Armour, MicroStrategy and more"
2024-01-18,"Stocks making the biggest moves after hours: Robinhood, SentinelOne, Under Armour and more"
2024-01-18,"Stocks making the biggest moves midday: Tesla, GE HealthCare, Coinbase and more"
2024-01-18,Jamie Dimon endorses Disney CEO Bob Iger in proxy fight with Nelson Peltz's Trian Partners
2024-01-18,"Stocks making the biggest moves premarket: Dollar Tree, Petco, Tesla and more "
2024-01-18,Shareholder payouts hit a record $1.7 trillion last year as bank profits surged
2024-01-18,"Citadel's Ken Griffin says the Fed shouldn't cut too quickly, citing tailwinds supporting inflation"
2024-01-18,"Stocks making the biggest moves midday: Southwest, Oracle, 3M, New York Community Bancorp and more"
2024-01-18,"Stocks making the biggest moves before the bell: Oracle, Kohl's, Coinbase, Southwest and more"
2024-01-18,Xiaomi is set to launch its electric car on March 28
2024-01-18,Jefferies analyst challenges Trump’s claim that Meta’s Facebook is ‘enemy of the people’
2024-01-18,"China's stock valuations are 'way too low,' strategist says — here's why"
2024-01-18,"Stocks making the biggest moves after hours: Oracle, Vail Resorts, Advance Auto Parts and more"
2024-01-18,"Stocks making the biggest moves midday: Nvidia, Coinbase, Oracle, Bally's and more  "
2024-01-18,Why Amtrak is attempting to revive the Texas Central bullet train
2024-01-18,"Stocks making the biggest moves premarket: Coinbase, PDD Holdings, Duolingo and more"
2024-01-18,"Bitcoin rises to another record, ether breaks through $4,000"
2024-01-18,China's annual parliamentary meeting has ended. Here are the key takeaways
2024-01-18,China's housing minister says real estate developers must go bankrupt if necessary
2024-01-19,"Stocks making the biggest moves midday: Adobe, Ulta, Micron Technology, Rivian Automotive and more"
2024-01-19,"Stocks making the biggest premarket moves: Rivian, Micron, Adobe, Ulta and more"
2024-01-19,"Bitcoin shows its volatility once again in steep overnight decline, now back below $70,000"
2024-01-19,Biden’s 'billionaire tax' takes aim at the super-rich — but can a wealth tax work in reality?
2024-01-19,"Stocks making the biggest moves after hours: Adobe, Ulta and more"
2024-01-19,Morgan Stanley names a head of artificial intelligence as Wall Street leans into AI
2024-01-19,"Stocks making the biggest moves midday: Dick's Sporting Goods, Lennar, Robinhood and more"
2024-01-19,"HSBC is 'very positive' about the future of China's economy, CFO says"
2024-01-19,"Tracy Britt Cool, who worked for Warren Buffett for 10 years, is making her name in midsize firms"
2024-01-19,"'Take the emotion out of investing' during a presidential election year, strategist says"
2024-01-19,"Here's when the Fed is likely to start cutting interest rates, according to investment strategists"
2024-01-19,"Stocks making the biggest moves premarket: Citigroup, Under Armour, MicroStrategy and more"
2024-01-19,"Stocks making the biggest moves after hours: Robinhood, SentinelOne, Under Armour and more"
2024-01-19,"Stocks making the biggest moves midday: Tesla, GE HealthCare, Coinbase and more"
2024-01-19,Jamie Dimon endorses Disney CEO Bob Iger in proxy fight with Nelson Peltz's Trian Partners
2024-01-19,"Stocks making the biggest moves premarket: Dollar Tree, Petco, Tesla and more "
2024-01-19,Shareholder payouts hit a record $1.7 trillion last year as bank profits surged
2024-01-19,"Citadel's Ken Griffin says the Fed shouldn't cut too quickly, citing tailwinds supporting inflation"
2024-01-19,"Stocks making the biggest moves midday: Southwest, Oracle, 3M, New York Community Bancorp and more"
2024-01-19,"Stocks making the biggest moves before the bell: Oracle, Kohl's, Coinbase, Southwest and more"
2024-01-19,Xiaomi is set to launch its electric car on March 28
2024-01-19,Jefferies analyst challenges Trump’s claim that Meta’s Facebook is ‘enemy of the people’
2024-01-19,"China's stock valuations are 'way too low,' strategist says — here's why"
2024-01-19,"Stocks making the biggest moves after hours: Oracle, Vail Resorts, Advance Auto Parts and more"
2024-01-19,"Stocks making the biggest moves midday: Nvidia, Coinbase, Oracle, Bally's and more  "
2024-01-19,Why Amtrak is attempting to revive the Texas Central bullet train
2024-01-19,"Stocks making the biggest moves premarket: Coinbase, PDD Holdings, Duolingo and more"
2024-01-19,"Bitcoin rises to another record, ether breaks through $4,000"
2024-01-19,China's annual parliamentary meeting has ended. Here are the key takeaways
2024-01-19,China's housing minister says real estate developers must go bankrupt if necessary
2024-01-20,"Stocks making the biggest moves midday: Adobe, Ulta, Micron Technology, Rivian Automotive and more"
2024-01-20,"Stocks making the biggest premarket moves: Rivian, Micron, Adobe, Ulta and more"
2024-01-20,"Bitcoin shows its volatility once again in steep overnight decline, now back below $70,000"
2024-01-20,Biden’s 'billionaire tax' takes aim at the super-rich — but can a wealth tax work in reality?
2024-01-20,"Stocks making the biggest moves after hours: Adobe, Ulta and more"
2024-01-20,Morgan Stanley names a head of artificial intelligence as Wall Street leans into AI
2024-01-20,"Stocks making the biggest moves midday: Dick's Sporting Goods, Lennar, Robinhood and more"
2024-01-20,"HSBC is 'very positive' about the future of China's economy, CFO says"
2024-01-20,"Tracy Britt Cool, who worked for Warren Buffett for 10 years, is making her name in midsize firms"
2024-01-20,"'Take the emotion out of investing' during a presidential election year, strategist says"
2024-01-20,"Here's when the Fed is likely to start cutting interest rates, according to investment strategists"
2024-01-20,"Stocks making the biggest moves premarket: Citigroup, Under Armour, MicroStrategy and more"
2024-01-20,"Stocks making the biggest moves after hours: Robinhood, SentinelOne, Under Armour and more"
2024-01-20,"Stocks making the biggest moves midday: Tesla, GE HealthCare, Coinbase and more"
2024-01-20,Jamie Dimon endorses Disney CEO Bob Iger in proxy fight with Nelson Peltz's Trian Partners
2024-01-20,"Stocks making the biggest moves premarket: Dollar Tree, Petco, Tesla and more "
2024-01-20,Shareholder payouts hit a record $1.7 trillion last year as bank profits surged
2024-01-20,"Citadel's Ken Griffin says the Fed shouldn't cut too quickly, citing tailwinds supporting inflation"
2024-01-20,"Stocks making the biggest moves midday: Southwest, Oracle, 3M, New York Community Bancorp and more"
2024-01-20,"Stocks making the biggest moves before the bell: Oracle, Kohl's, Coinbase, Southwest and more"
2024-01-20,Xiaomi is set to launch its electric car on March 28
2024-01-20,Jefferies analyst challenges Trump’s claim that Meta’s Facebook is ‘enemy of the people’
2024-01-20,"China's stock valuations are 'way too low,' strategist says — here's why"
2024-01-20,"Stocks making the biggest moves after hours: Oracle, Vail Resorts, Advance Auto Parts and more"
2024-01-20,"Stocks making the biggest moves midday: Nvidia, Coinbase, Oracle, Bally's and more  "
2024-01-20,Why Amtrak is attempting to revive the Texas Central bullet train
2024-01-20,"Stocks making the biggest moves premarket: Coinbase, PDD Holdings, Duolingo and more"
2024-01-20,"Bitcoin rises to another record, ether breaks through $4,000"
2024-01-20,China's annual parliamentary meeting has ended. Here are the key takeaways
2024-01-20,China's housing minister says real estate developers must go bankrupt if necessary
2024-01-21,"Stocks making the biggest moves midday: Adobe, Ulta, Micron Technology, Rivian Automotive and more"
2024-01-21,"Stocks making the biggest premarket moves: Rivian, Micron, Adobe, Ulta and more"
2024-01-21,"Bitcoin shows its volatility once again in steep overnight decline, now back below $70,000"
2024-01-21,Biden’s 'billionaire tax' takes aim at the super-rich — but can a wealth tax work in reality?
2024-01-21,"Stocks making the biggest moves after hours: Adobe, Ulta and more"
2024-01-21,Morgan Stanley names a head of artificial intelligence as Wall Street leans into AI
2024-01-21,"Stocks making the biggest moves midday: Dick's Sporting Goods, Lennar, Robinhood and more"
2024-01-21,"HSBC is 'very positive' about the future of China's economy, CFO says"
2024-01-21,"Tracy Britt Cool, who worked for Warren Buffett for 10 years, is making her name in midsize firms"
2024-01-21,"'Take the emotion out of investing' during a presidential election year, strategist says"
2024-01-21,"Here's when the Fed is likely to start cutting interest rates, according to investment strategists"
2024-01-21,"Stocks making the biggest moves premarket: Citigroup, Under Armour, MicroStrategy and more"
2024-01-21,"Stocks making the biggest moves after hours: Robinhood, SentinelOne, Under Armour and more"
2024-01-21,"Stocks making the biggest moves midday: Tesla, GE HealthCare, Coinbase and more"
2024-01-21,Jamie Dimon endorses Disney CEO Bob Iger in proxy fight with Nelson Peltz's Trian Partners
2024-01-21,"Stocks making the biggest moves premarket: Dollar Tree, Petco, Tesla and more "
2024-01-21,Shareholder payouts hit a record $1.7 trillion last year as bank profits surged
2024-01-21,"Citadel's Ken Griffin says the Fed shouldn't cut too quickly, citing tailwinds supporting inflation"
2024-01-21,"Stocks making the biggest moves midday: Southwest, Oracle, 3M, New York Community Bancorp and more"
2024-01-21,"Stocks making the biggest moves before the bell: Oracle, Kohl's, Coinbase, Southwest and more"
2024-01-21,Xiaomi is set to launch its electric car on March 28
2024-01-21,Jefferies analyst challenges Trump’s claim that Meta’s Facebook is ‘enemy of the people’
2024-01-21,"China's stock valuations are 'way too low,' strategist says — here's why"
2024-01-21,"Stocks making the biggest moves after hours: Oracle, Vail Resorts, Advance Auto Parts and more"
2024-01-21,"Stocks making the biggest moves midday: Nvidia, Coinbase, Oracle, Bally's and more  "
2024-01-21,Why Amtrak is attempting to revive the Texas Central bullet train
2024-01-21,"Stocks making the biggest moves premarket: Coinbase, PDD Holdings, Duolingo and more"
2024-01-21,"Bitcoin rises to another record, ether breaks through $4,000"
2024-01-21,China's annual parliamentary meeting has ended. Here are the key takeaways
2024-01-21,China's housing minister says real estate developers must go bankrupt if necessary
2024-01-22,"Stocks making the biggest moves midday: Adobe, Ulta, Micron Technology, Rivian Automotive and more"
2024-01-22,"Stocks making the biggest premarket moves: Rivian, Micron, Adobe, Ulta and more"
2024-01-22,"Bitcoin shows its volatility once again in steep overnight decline, now back below $70,000"
2024-01-22,Biden’s 'billionaire tax' takes aim at the super-rich — but can a wealth tax work in reality?
2024-01-22,"Stocks making the biggest moves after hours: Adobe, Ulta and more"
2024-01-22,Morgan Stanley names a head of artificial intelligence as Wall Street leans into AI
2024-01-22,"Stocks making the biggest moves midday: Dick's Sporting Goods, Lennar, Robinhood and more"
2024-01-22,"HSBC is 'very positive' about the future of China's economy, CFO says"
2024-01-22,"Tracy Britt Cool, who worked for Warren Buffett for 10 years, is making her name in midsize firms"
2024-01-22,"'Take the emotion out of investing' during a presidential election year, strategist says"
2024-01-22,"Here's when the Fed is likely to start cutting interest rates, according to investment strategists"
2024-01-22,"Stocks making the biggest moves premarket: Citigroup, Under Armour, MicroStrategy and more"
2024-01-22,"Stocks making the biggest moves after hours: Robinhood, SentinelOne, Under Armour and more"
2024-01-22,"Stocks making the biggest moves midday: Tesla, GE HealthCare, Coinbase and more"
2024-01-22,Jamie Dimon endorses Disney CEO Bob Iger in proxy fight with Nelson Peltz's Trian Partners
2024-01-22,"Stocks making the biggest moves premarket: Dollar Tree, Petco, Tesla and more "
2024-01-22,Shareholder payouts hit a record $1.7 trillion last year as bank profits surged
2024-01-22,"Citadel's Ken Griffin says the Fed shouldn't cut too quickly, citing tailwinds supporting inflation"
2024-01-22,"Stocks making the biggest moves midday: Southwest, Oracle, 3M, New York Community Bancorp and more"
2024-01-22,"Stocks making the biggest moves before the bell: Oracle, Kohl's, Coinbase, Southwest and more"
2024-01-22,Xiaomi is set to launch its electric car on March 28
2024-01-22,Jefferies analyst challenges Trump’s claim that Meta’s Facebook is ‘enemy of the people’
2024-01-22,"China's stock valuations are 'way too low,' strategist says — here's why"
2024-01-22,"Stocks making the biggest moves after hours: Oracle, Vail Resorts, Advance Auto Parts and more"
2024-01-22,"Stocks making the biggest moves midday: Nvidia, Coinbase, Oracle, Bally's and more  "
2024-01-22,Why Amtrak is attempting to revive the Texas Central bullet train
2024-01-22,"Stocks making the biggest moves premarket: Coinbase, PDD Holdings, Duolingo and more"
2024-01-22,"Bitcoin rises to another record, ether breaks through $4,000"
2024-01-22,China's annual parliamentary meeting has ended. Here are the key takeaways
2024-01-22,China's housing minister says real estate developers must go bankrupt if necessary
2024-01-23,"Stocks making the biggest moves midday: Adobe, Ulta, Micron Technology, Rivian Automotive and more"
2024-01-23,"Stocks making the biggest premarket moves: Rivian, Micron, Adobe, Ulta and more"
2024-01-23,"Bitcoin shows its volatility once again in steep overnight decline, now back below $70,000"
2024-01-23,Biden’s 'billionaire tax' takes aim at the super-rich — but can a wealth tax work in reality?
2024-01-23,"Stocks making the biggest moves after hours: Adobe, Ulta and more"
2024-01-23,Morgan Stanley names a head of artificial intelligence as Wall Street leans into AI
2024-01-23,"Stocks making the biggest moves midday: Dick's Sporting Goods, Lennar, Robinhood and more"
2024-01-23,"HSBC is 'very positive' about the future of China's economy, CFO says"
2024-01-23,"Tracy Britt Cool, who worked for Warren Buffett for 10 years, is making her name in midsize firms"
2024-01-23,"'Take the emotion out of investing' during a presidential election year, strategist says"
2024-01-23,"Here's when the Fed is likely to start cutting interest rates, according to investment strategists"
2024-01-23,"Stocks making the biggest moves premarket: Citigroup, Under Armour, MicroStrategy and more"
2024-01-23,"Stocks making the biggest moves after hours: Robinhood, SentinelOne, Under Armour and more"
2024-01-23,"Stocks making the biggest moves midday: Tesla, GE HealthCare, Coinbase and more"
2024-01-23,Jamie Dimon endorses Disney CEO Bob Iger in proxy fight with Nelson Peltz's Trian Partners
2024-01-23,"Stocks making the biggest moves premarket: Dollar Tree, Petco, Tesla and more "
2024-01-23,Shareholder payouts hit a record $1.7 trillion last year as bank profits surged
2024-01-23,"Citadel's Ken Griffin says the Fed shouldn't cut too quickly, citing tailwinds supporting inflation"
2024-01-23,"Stocks making the biggest moves midday: Southwest, Oracle, 3M, New York Community Bancorp and more"
2024-01-23,"Stocks making the biggest moves before the bell: Oracle, Kohl's, Coinbase, Southwest and more"
2024-01-23,Xiaomi is set to launch its electric car on March 28
2024-01-23,Jefferies analyst challenges Trump’s claim that Meta’s Facebook is ‘enemy of the people’
2024-01-23,"China's stock valuations are 'way too low,' strategist says — here's why"
2024-01-23,"Stocks making the biggest moves after hours: Oracle, Vail Resorts, Advance Auto Parts and more"
2024-01-23,"Stocks making the biggest moves midday: Nvidia, Coinbase, Oracle, Bally's and more  "
2024-01-23,Why Amtrak is attempting to revive the Texas Central bullet train
2024-01-23,"Stocks making the biggest moves premarket: Coinbase, PDD Holdings, Duolingo and more"
2024-01-23,"Bitcoin rises to another record, ether breaks through $4,000"
2024-01-23,China's annual parliamentary meeting has ended. Here are the key takeaways
2024-01-23,China's housing minister says real estate developers must go bankrupt if necessary
2024-01-24,"Stocks making the biggest moves midday: Adobe, Ulta, Micron Technology, Rivian Automotive and more"
2024-01-24,"Stocks making the biggest premarket moves: Rivian, Micron, Adobe, Ulta and more"
2024-01-24,"Bitcoin shows its volatility once again in steep overnight decline, now back below $70,000"
2024-01-24,Biden’s 'billionaire tax' takes aim at the super-rich — but can a wealth tax work in reality?
2024-01-24,"Stocks making the biggest moves after hours: Adobe, Ulta and more"
2024-01-24,Morgan Stanley names a head of artificial intelligence as Wall Street leans into AI
2024-01-24,"Stocks making the biggest moves midday: Dick's Sporting Goods, Lennar, Robinhood and more"
2024-01-24,"HSBC is 'very positive' about the future of China's economy, CFO says"
2024-01-24,"Tracy Britt Cool, who worked for Warren Buffett for 10 years, is making her name in midsize firms"
2024-01-24,"'Take the emotion out of investing' during a presidential election year, strategist says"
2024-01-24,"Here's when the Fed is likely to start cutting interest rates, according to investment strategists"
2024-01-24,"Stocks making the biggest moves premarket: Citigroup, Under Armour, MicroStrategy and more"
2024-01-24,"Stocks making the biggest moves after hours: Robinhood, SentinelOne, Under Armour and more"
2024-01-24,"Stocks making the biggest moves midday: Tesla, GE HealthCare, Coinbase and more"
2024-01-24,Jamie Dimon endorses Disney CEO Bob Iger in proxy fight with Nelson Peltz's Trian Partners
2024-01-24,"Stocks making the biggest moves premarket: Dollar Tree, Petco, Tesla and more "
2024-01-24,Shareholder payouts hit a record $1.7 trillion last year as bank profits surged
2024-01-24,"Citadel's Ken Griffin says the Fed shouldn't cut too quickly, citing tailwinds supporting inflation"
2024-01-24,"Stocks making the biggest moves midday: Southwest, Oracle, 3M, New York Community Bancorp and more"
2024-01-24,"Stocks making the biggest moves before the bell: Oracle, Kohl's, Coinbase, Southwest and more"
2024-01-24,Xiaomi is set to launch its electric car on March 28
2024-01-24,Jefferies analyst challenges Trump’s claim that Meta’s Facebook is ‘enemy of the people’
2024-01-24,"China's stock valuations are 'way too low,' strategist says — here's why"
2024-01-24,"Stocks making the biggest moves after hours: Oracle, Vail Resorts, Advance Auto Parts and more"
2024-01-24,"Stocks making the biggest moves midday: Nvidia, Coinbase, Oracle, Bally's and more  "
2024-01-24,Why Amtrak is attempting to revive the Texas Central bullet train
2024-01-24,"Stocks making the biggest moves premarket: Coinbase, PDD Holdings, Duolingo and more"
2024-01-24,"Bitcoin rises to another record, ether breaks through $4,000"
2024-01-24,China's annual parliamentary meeting has ended. Here are the key takeaways
2024-01-24,China's housing minister says real estate developers must go bankrupt if necessary
2024-01-25,"Stocks making the biggest moves midday: Adobe, Ulta, Micron Technology, Rivian Automotive and more"
2024-01-25,"Stocks making the biggest premarket moves: Rivian, Micron, Adobe, Ulta and more"
2024-01-25,"Bitcoin shows its volatility once again in steep overnight decline, now back below $70,000"
2024-01-25,Biden’s 'billionaire tax' takes aim at the super-rich — but can a wealth tax work in reality?
2024-01-25,"Stocks making the biggest moves after hours: Adobe, Ulta and more"
2024-01-25,Morgan Stanley names a head of artificial intelligence as Wall Street leans into AI
2024-01-25,"Stocks making the biggest moves midday: Dick's Sporting Goods, Lennar, Robinhood and more"
2024-01-25,"HSBC is 'very positive' about the future of China's economy, CFO says"
2024-01-25,"Tracy Britt Cool, who worked for Warren Buffett for 10 years, is making her name in midsize firms"
2024-01-25,"'Take the emotion out of investing' during a presidential election year, strategist says"
2024-01-25,"Here's when the Fed is likely to start cutting interest rates, according to investment strategists"
2024-01-25,"Stocks making the biggest moves premarket: Citigroup, Under Armour, MicroStrategy and more"
2024-01-25,"Stocks making the biggest moves after hours: Robinhood, SentinelOne, Under Armour and more"
2024-01-25,"Stocks making the biggest moves midday: Tesla, GE HealthCare, Coinbase and more"
2024-01-25,Jamie Dimon endorses Disney CEO Bob Iger in proxy fight with Nelson Peltz's Trian Partners
2024-01-25,"Stocks making the biggest moves premarket: Dollar Tree, Petco, Tesla and more "
2024-01-25,Shareholder payouts hit a record $1.7 trillion last year as bank profits surged
2024-01-25,"Citadel's Ken Griffin says the Fed shouldn't cut too quickly, citing tailwinds supporting inflation"
2024-01-25,"Stocks making the biggest moves midday: Southwest, Oracle, 3M, New York Community Bancorp and more"
2024-01-25,"Stocks making the biggest moves before the bell: Oracle, Kohl's, Coinbase, Southwest and more"
2024-01-25,Xiaomi is set to launch its electric car on March 28
2024-01-25,Jefferies analyst challenges Trump’s claim that Meta’s Facebook is ‘enemy of the people’
2024-01-25,"China's stock valuations are 'way too low,' strategist says — here's why"
2024-01-25,"Stocks making the biggest moves after hours: Oracle, Vail Resorts, Advance Auto Parts and more"
2024-01-25,"Stocks making the biggest moves midday: Nvidia, Coinbase, Oracle, Bally's and more  "
2024-01-25,Why Amtrak is attempting to revive the Texas Central bullet train
2024-01-25,"Stocks making the biggest moves premarket: Coinbase, PDD Holdings, Duolingo and more"
2024-01-25,"Bitcoin rises to another record, ether breaks through $4,000"
2024-01-25,China's annual parliamentary meeting has ended. Here are the key takeaways
2024-01-25,China's housing minister says real estate developers must go bankrupt if necessary
2024-01-26,"Stocks making the biggest moves midday: Adobe, Ulta, Micron Technology, Rivian Automotive and more"
2024-01-26,"Stocks making the biggest premarket moves: Rivian, Micron, Adobe, Ulta and more"
2024-01-26,"Bitcoin shows its volatility once again in steep overnight decline, now back below $70,000"
2024-01-26,Biden’s 'billionaire tax' takes aim at the super-rich — but can a wealth tax work in reality?
2024-01-26,"Stocks making the biggest moves after hours: Adobe, Ulta and more"
2024-01-26,Morgan Stanley names a head of artificial intelligence as Wall Street leans into AI
2024-01-26,"Stocks making the biggest moves midday: Dick's Sporting Goods, Lennar, Robinhood and more"
2024-01-26,"HSBC is 'very positive' about the future of China's economy, CFO says"
2024-01-26,"Tracy Britt Cool, who worked for Warren Buffett for 10 years, is making her name in midsize firms"
2024-01-26,"'Take the emotion out of investing' during a presidential election year, strategist says"
2024-01-26,"Here's when the Fed is likely to start cutting interest rates, according to investment strategists"
2024-01-26,"Stocks making the biggest moves premarket: Citigroup, Under Armour, MicroStrategy and more"
2024-01-26,"Stocks making the biggest moves after hours: Robinhood, SentinelOne, Under Armour and more"
2024-01-26,"Stocks making the biggest moves midday: Tesla, GE HealthCare, Coinbase and more"
2024-01-26,Jamie Dimon endorses Disney CEO Bob Iger in proxy fight with Nelson Peltz's Trian Partners
2024-01-26,"Stocks making the biggest moves premarket: Dollar Tree, Petco, Tesla and more "
2024-01-26,Shareholder payouts hit a record $1.7 trillion last year as bank profits surged
2024-01-26,"Citadel's Ken Griffin says the Fed shouldn't cut too quickly, citing tailwinds supporting inflation"
2024-01-26,"Stocks making the biggest moves midday: Southwest, Oracle, 3M, New York Community Bancorp and more"
2024-01-26,"Stocks making the biggest moves before the bell: Oracle, Kohl's, Coinbase, Southwest and more"
2024-01-26,Xiaomi is set to launch its electric car on March 28
2024-01-26,Jefferies analyst challenges Trump’s claim that Meta’s Facebook is ‘enemy of the people’
2024-01-26,"China's stock valuations are 'way too low,' strategist says — here's why"
2024-01-26,"Stocks making the biggest moves after hours: Oracle, Vail Resorts, Advance Auto Parts and more"
2024-01-26,"Stocks making the biggest moves midday: Nvidia, Coinbase, Oracle, Bally's and more  "
2024-01-26,Why Amtrak is attempting to revive the Texas Central bullet train
2024-01-26,"Stocks making the biggest moves premarket: Coinbase, PDD Holdings, Duolingo and more"
2024-01-26,"Bitcoin rises to another record, ether breaks through $4,000"
2024-01-26,China's annual parliamentary meeting has ended. Here are the key takeaways
2024-01-26,China's housing minister says real estate developers must go bankrupt if necessary
2024-01-27,"Stocks making the biggest moves midday: Adobe, Ulta, Micron Technology, Rivian Automotive and more"
2024-01-27,"Stocks making the biggest premarket moves: Rivian, Micron, Adobe, Ulta and more"
2024-01-27,"Bitcoin shows its volatility once again in steep overnight decline, now back below $70,000"
2024-01-27,Biden’s 'billionaire tax' takes aim at the super-rich — but can a wealth tax work in reality?
2024-01-27,"Stocks making the biggest moves after hours: Adobe, Ulta and more"
2024-01-27,Morgan Stanley names a head of artificial intelligence as Wall Street leans into AI
2024-01-27,"Stocks making the biggest moves midday: Dick's Sporting Goods, Lennar, Robinhood and more"
2024-01-27,"HSBC is 'very positive' about the future of China's economy, CFO says"
2024-01-27,"Tracy Britt Cool, who worked for Warren Buffett for 10 years, is making her name in midsize firms"
2024-01-27,"'Take the emotion out of investing' during a presidential election year, strategist says"
2024-01-27,"Here's when the Fed is likely to start cutting interest rates, according to investment strategists"
2024-01-27,"Stocks making the biggest moves premarket: Citigroup, Under Armour, MicroStrategy and more"
2024-01-27,"Stocks making the biggest moves after hours: Robinhood, SentinelOne, Under Armour and more"
2024-01-27,"Stocks making the biggest moves midday: Tesla, GE HealthCare, Coinbase and more"
2024-01-27,Jamie Dimon endorses Disney CEO Bob Iger in proxy fight with Nelson Peltz's Trian Partners
2024-01-27,"Stocks making the biggest moves premarket: Dollar Tree, Petco, Tesla and more "
2024-01-27,Shareholder payouts hit a record $1.7 trillion last year as bank profits surged
2024-01-27,"Citadel's Ken Griffin says the Fed shouldn't cut too quickly, citing tailwinds supporting inflation"
2024-01-27,"Stocks making the biggest moves midday: Southwest, Oracle, 3M, New York Community Bancorp and more"
2024-01-27,"Stocks making the biggest moves before the bell: Oracle, Kohl's, Coinbase, Southwest and more"
2024-01-27,Xiaomi is set to launch its electric car on March 28
2024-01-27,Jefferies analyst challenges Trump’s claim that Meta’s Facebook is ‘enemy of the people’
2024-01-27,"China's stock valuations are 'way too low,' strategist says — here's why"
2024-01-27,"Stocks making the biggest moves after hours: Oracle, Vail Resorts, Advance Auto Parts and more"
2024-01-27,"Stocks making the biggest moves midday: Nvidia, Coinbase, Oracle, Bally's and more  "
2024-01-27,Why Amtrak is attempting to revive the Texas Central bullet train
2024-01-27,"Stocks making the biggest moves premarket: Coinbase, PDD Holdings, Duolingo and more"
2024-01-27,"Bitcoin rises to another record, ether breaks through $4,000"
2024-01-27,China's annual parliamentary meeting has ended. Here are the key takeaways
2024-01-27,China's housing minister says real estate developers must go bankrupt if necessary
2024-01-28,"Stocks making the biggest moves midday: Adobe, Ulta, Micron Technology, Rivian Automotive and more"
2024-01-28,"Stocks making the biggest premarket moves: Rivian, Micron, Adobe, Ulta and more"
2024-01-28,"Bitcoin shows its volatility once again in steep overnight decline, now back below $70,000"
2024-01-28,Biden’s 'billionaire tax' takes aim at the super-rich — but can a wealth tax work in reality?
2024-01-28,"Stocks making the biggest moves after hours: Adobe, Ulta and more"
2024-01-28,Morgan Stanley names a head of artificial intelligence as Wall Street leans into AI
2024-01-28,"Stocks making the biggest moves midday: Dick's Sporting Goods, Lennar, Robinhood and more"
2024-01-28,"HSBC is 'very positive' about the future of China's economy, CFO says"
2024-01-28,"Tracy Britt Cool, who worked for Warren Buffett for 10 years, is making her name in midsize firms"
2024-01-28,"'Take the emotion out of investing' during a presidential election year, strategist says"
2024-01-28,"Here's when the Fed is likely to start cutting interest rates, according to investment strategists"
2024-01-28,"Stocks making the biggest moves premarket: Citigroup, Under Armour, MicroStrategy and more"
2024-01-28,"Stocks making the biggest moves after hours: Robinhood, SentinelOne, Under Armour and more"
2024-01-28,"Stocks making the biggest moves midday: Tesla, GE HealthCare, Coinbase and more"
2024-01-28,Jamie Dimon endorses Disney CEO Bob Iger in proxy fight with Nelson Peltz's Trian Partners
2024-01-28,"Stocks making the biggest moves premarket: Dollar Tree, Petco, Tesla and more "
2024-01-28,Shareholder payouts hit a record $1.7 trillion last year as bank profits surged
2024-01-28,"Citadel's Ken Griffin says the Fed shouldn't cut too quickly, citing tailwinds supporting inflation"
2024-01-28,"Stocks making the biggest moves midday: Southwest, Oracle, 3M, New York Community Bancorp and more"
2024-01-28,"Stocks making the biggest moves before the bell: Oracle, Kohl's, Coinbase, Southwest and more"
2024-01-28,Xiaomi is set to launch its electric car on March 28
2024-01-28,Jefferies analyst challenges Trump’s claim that Meta’s Facebook is ‘enemy of the people’
2024-01-28,"China's stock valuations are 'way too low,' strategist says — here's why"
2024-01-28,"Stocks making the biggest moves after hours: Oracle, Vail Resorts, Advance Auto Parts and more"
2024-01-28,"Stocks making the biggest moves midday: Nvidia, Coinbase, Oracle, Bally's and more  "
2024-01-28,Why Amtrak is attempting to revive the Texas Central bullet train
2024-01-28,"Stocks making the biggest moves premarket: Coinbase, PDD Holdings, Duolingo and more"
2024-01-28,"Bitcoin rises to another record, ether breaks through $4,000"
2024-01-28,China's annual parliamentary meeting has ended. Here are the key takeaways
2024-01-28,China's housing minister says real estate developers must go bankrupt if necessary
2024-01-29,"Stocks making the biggest moves midday: Adobe, Ulta, Micron Technology, Rivian Automotive and more"
2024-01-29,"Stocks making the biggest premarket moves: Rivian, Micron, Adobe, Ulta and more"
2024-01-29,"Bitcoin shows its volatility once again in steep overnight decline, now back below $70,000"
2024-01-29,Biden’s 'billionaire tax' takes aim at the super-rich — but can a wealth tax work in reality?
2024-01-29,"Stocks making the biggest moves after hours: Adobe, Ulta and more"
2024-01-29,Morgan Stanley names a head of artificial intelligence as Wall Street leans into AI
2024-01-29,"Stocks making the biggest moves midday: Dick's Sporting Goods, Lennar, Robinhood and more"
2024-01-29,"HSBC is 'very positive' about the future of China's economy, CFO says"
2024-01-29,"Tracy Britt Cool, who worked for Warren Buffett for 10 years, is making her name in midsize firms"
2024-01-29,"'Take the emotion out of investing' during a presidential election year, strategist says"
2024-01-29,"Here's when the Fed is likely to start cutting interest rates, according to investment strategists"
2024-01-29,"Stocks making the biggest moves premarket: Citigroup, Under Armour, MicroStrategy and more"
2024-01-29,"Stocks making the biggest moves after hours: Robinhood, SentinelOne, Under Armour and more"
2024-01-29,"Stocks making the biggest moves midday: Tesla, GE HealthCare, Coinbase and more"
2024-01-29,Jamie Dimon endorses Disney CEO Bob Iger in proxy fight with Nelson Peltz's Trian Partners
2024-01-29,"Stocks making the biggest moves premarket: Dollar Tree, Petco, Tesla and more "
2024-01-29,Shareholder payouts hit a record $1.7 trillion last year as bank profits surged
2024-01-29,"Citadel's Ken Griffin says the Fed shouldn't cut too quickly, citing tailwinds supporting inflation"
2024-01-29,"Stocks making the biggest moves midday: Southwest, Oracle, 3M, New York Community Bancorp and more"
2024-01-29,"Stocks making the biggest moves before the bell: Oracle, Kohl's, Coinbase, Southwest and more"
2024-01-29,Xiaomi is set to launch its electric car on March 28
2024-01-29,Jefferies analyst challenges Trump’s claim that Meta’s Facebook is ‘enemy of the people’
2024-01-29,"China's stock valuations are 'way too low,' strategist says — here's why"
2024-01-29,"Stocks making the biggest moves after hours: Oracle, Vail Resorts, Advance Auto Parts and more"
2024-01-29,"Stocks making the biggest moves midday: Nvidia, Coinbase, Oracle, Bally's and more  "
2024-01-29,Why Amtrak is attempting to revive the Texas Central bullet train
2024-01-29,"Stocks making the biggest moves premarket: Coinbase, PDD Holdings, Duolingo and more"
2024-01-29,"Bitcoin rises to another record, ether breaks through $4,000"
2024-01-29,China's annual parliamentary meeting has ended. Here are the key takeaways
2024-01-29,China's housing minister says real estate developers must go bankrupt if necessary
2024-01-30,"Stocks making the biggest moves midday: Adobe, Ulta, Micron Technology, Rivian Automotive and more"
2024-01-30,"Stocks making the biggest premarket moves: Rivian, Micron, Adobe, Ulta and more"
2024-01-30,"Bitcoin shows its volatility once again in steep overnight decline, now back below $70,000"
2024-01-30,Biden’s 'billionaire tax' takes aim at the super-rich — but can a wealth tax work in reality?
2024-01-30,"Stocks making the biggest moves after hours: Adobe, Ulta and more"
2024-01-30,Morgan Stanley names a head of artificial intelligence as Wall Street leans into AI
2024-01-30,"Stocks making the biggest moves midday: Dick's Sporting Goods, Lennar, Robinhood and more"
2024-01-30,"HSBC is 'very positive' about the future of China's economy, CFO says"
2024-01-30,"Tracy Britt Cool, who worked for Warren Buffett for 10 years, is making her name in midsize firms"
2024-01-30,"'Take the emotion out of investing' during a presidential election year, strategist says"
2024-01-30,"Here's when the Fed is likely to start cutting interest rates, according to investment strategists"
2024-01-30,"Stocks making the biggest moves premarket: Citigroup, Under Armour, MicroStrategy and more"
2024-01-30,"Stocks making the biggest moves after hours: Robinhood, SentinelOne, Under Armour and more"
2024-01-30,"Stocks making the biggest moves midday: Tesla, GE HealthCare, Coinbase and more"
2024-01-30,Jamie Dimon endorses Disney CEO Bob Iger in proxy fight with Nelson Peltz's Trian Partners
2024-01-30,"Stocks making the biggest moves premarket: Dollar Tree, Petco, Tesla and more "
2024-01-30,Shareholder payouts hit a record $1.7 trillion last year as bank profits surged
2024-01-30,"Citadel's Ken Griffin says the Fed shouldn't cut too quickly, citing tailwinds supporting inflation"
2024-01-30,"Stocks making the biggest moves midday: Southwest, Oracle, 3M, New York Community Bancorp and more"
2024-01-30,"Stocks making the biggest moves before the bell: Oracle, Kohl's, Coinbase, Southwest and more"
2024-01-30,Xiaomi is set to launch its electric car on March 28
2024-01-30,Jefferies analyst challenges Trump’s claim that Meta’s Facebook is ‘enemy of the people’
2024-01-30,"China's stock valuations are 'way too low,' strategist says — here's why"
2024-01-30,"Stocks making the biggest moves after hours: Oracle, Vail Resorts, Advance Auto Parts and more"
2024-01-30,"Stocks making the biggest moves midday: Nvidia, Coinbase, Oracle, Bally's and more  "
2024-01-30,Why Amtrak is attempting to revive the Texas Central bullet train
2024-01-30,"Stocks making the biggest moves premarket: Coinbase, PDD Holdings, Duolingo and more"
2024-01-30,"Bitcoin rises to another record, ether breaks through $4,000"
2024-01-30,China's annual parliamentary meeting has ended. Here are the key takeaways
2024-01-30,China's housing minister says real estate developers must go bankrupt if necessary
